{"cameraMode":{"drawMode":0,"name":"Shaded","section":"Shading Mode"},"sceneLighting":false,"audioPlay":false,"sceneViewState":{"showFog":true,"showMaterialUpdate":false,"showSkybox":true,"showFlares":true,"showImageEffects":true,"showParticleSystems":true},"in2DMode":false,"pivot":{"x":-2.016606092453003,"y":0.6956354379653931,"z":0.14458811283111573},"rotation":{"x":-0.006620628293603659,"y":0.9776000380516052,"z":-0.031107477843761445,"w":-0.20806005597114564},"size":3.895132541656494,"orthographic":false}